injector_w_id,producer_w_id,min_injection_hour,max_injection_hour,avg_injection_hour,stddev_injection_hour,min_injection_steam,max_injection_steam,avg_injection_steam,stddev_injection_steam,min_production_oil,max_production_oil,avg_production_oil,stddev_production_oil,min_sor,max_sor,avg_sor,stddev_sor
47,49,192,744,690.394958,96.55658028,6385.7,38772.6,25270.73017,6843.893448,2047.8,16964.8,8991.153448,3059.995267,0.832409942,9.115664811,3.118619089,1.344267955
50,51,30,744,668.8220339,135.7089414,20.9,36662.9,22140.40982,7377.00911,588.6,12272.8,6277.624107,2447.059428,0.003391206,18.9899686,4.248038952,2.858031769
52,54,81,744,679.1344538,122.1087265,214.9,39989.2,26871.35043,8690.25802,336.7,23193.2,10362.2513,3782.358596,0.018689557,38.02446317,3.325189555,3.728209656
55,57,30,744,651.060241,160.9619217,103.2,51732.8,25210.57895,10084.30495,3.2,14727.9,6708.410526,4122.507901,0.462365591,999.9111111,41.79401531,174.7307826
58,60,4,744,667.7183099,131.2570197,5353.6,51143.1,18914.78226,8652.471937,359.3,13484.5,5656.054839,2723.032228,0.606674599,59.1658781,6.010807,8.82715295
61,63,1,744,658.4929577,149.3170044,2081.5,36114.4,19923.68636,7939.730539,2.2,9297.6,4229.633333,2399.111153,2.393668321,11758.81818,185.0958785,1435.951462
64,66,2,744,661.5677966,141.405429,1.4,38267.8,23088.29474,9889.179081,122.5,24867.9,5844.668421,4430.270457,0.011428571,93.93737475,6.735398317,9.769907802
67,69,157,744,683.0608696,112.7699325,5545.3,48584.9,28876.34182,7712.017122,1789.1,16838.7,9434.659091,3699.442688,0.697634041,9.408053555,3.48943513,1.546258651
70,72,123,744,670.2268908,126.034999,1334.8,39212.1,24664.15826,8246.306335,1424.8,18756.8,10169.1513,3561.850998,0.117977727,22.27920487,2.965856117,2.870645547
73,75,155,744,688.9915966,109.5135233,2965,38503.3,26122.45133,7217.917843,182.5,17843.7,8275.458407,2967.427416,0.473589215,106.1035616,4.418014317,9.764397747
76,77,72,744,574.2727273,259.2774926,600.1,10615.3,4505.2,3241.142044,47.5,1889.3,1287.95,609.0527563,1.431853067,12.63368421,4.988527468,3.79254731
78,79,100,744,629,234.7683965,6729.6,15164.3,12444.91667,2859.518627,1032,3874.6,2593.2,978.0653633,3.913771744,6.520930233,5.161908757,0.977618717
81,82,184,744,629.2727273,211.0436405,7865.1,22540.7,17218.25,4865.516054,1138.3,3712.8,2899.4,862.7554832,5.343980697,7.446793749,6.066347157,0.812198814
83,84,184,744,671.3636364,163.8537596,11118.1,21440.8,18203.6,3465.002938,1735.3,5691.6,4506.216667,1347.497671,3.705776934,6.407018959,4.314778685,0.954615855
85,86,181,744,643.4545455,173.8530205,8589.5,16869.9,14286.71667,2852.93674,430.6,2616.8,1905.683333,780.6768631,6.20263053,19.94774733,9.380701998,4.885847722
87,88,183,744,666.6363636,164.151316,766,22151.5,14523.41667,6966.895845,108.9,5098.7,3072.933333,1657.796495,3.937394981,7.134406462,5.346418806,1.332863727
89,90,689,744,729.5,27.01234286,8552.4,13131.2,10841.8,2310.118974,1219.3,2892.6,2055.95,844.2216475,4.539583765,7.014188469,5.776886117,1.248499886
91,92,182,744,642.2727273,191.5442982,7563.2,18251.5,13814.17143,3525.213553,600.5,4718.9,2370.528571,1347.395181,3.867744601,12.59483764,7.520467255,3.264788809
93,94,375,744,662.6,161.0878642,5994.3,11927.7,9359.325,2230.130114,82.9,1744.4,920.2,600.8890105,6.837709241,72.30759952,25.12925801,27.41396952
95,96,182,744,659.0909091,170.4039052,5661.5,30133.1,23010.98571,8104.640359,428.2,4763.5,2659.185714,1350.055471,6.236044925,13.22162541,9.746161896,2.238499188
97,98,206,744,655.5454545,162.5296057,5065.2,11078.3,8557.8,2118.768499,1946.5,4145.8,2733.12,911.9576362,2.536912752,4.487798613,3.259461329,0.728157142
99,100,107,744,638.9090909,197.513774,1327.5,4642.4,3246.4,1244.185359,1760.2,4148.8,2882.28,977.2397951,0.754175662,1.259313486,1.106468713,0.184827367
101,102,98,744,660.5454545,191.1477772,4332.3,12714.1,9932.84,2979.470325,913.9,3429,2541.5,875.6521322,3.70781569,4.740453004,4.031995048,0.376146798
103,104,93,744,652.6,198.8791928,9258.3,14704,12037.23333,1963.322791,2666.3,4771.9,3405.616667,948.8194111,2.961761519,4.386905381,3.655054577,0.560487922
105,106,73,744,552.7,261.6758172,1674.5,6857.5,4369.22,1676.983262,408,2694.6,1328.98,916.7705197,1.707785942,9.222724031,4.590764647,2.52512006
107,108,110,743,661.1818182,184.7694878,3475.3,13871.7,10771.16667,3472.177486,773.9,4153.6,3277.966667,1183.151108,2.68649862,4.490631865,3.465801855,0.572573987
109,110,106,744,668.7272727,188.2227887,1909.3,11193,7800.433333,3977.748845,481.9,3667.5,2628.333333,1067.402657,1.038837293,4.099324622,3.088451925,1.05110303
111,112,107,744,601,214.124263,525.1,10427.6,5568.325,4786.311497,488.8,3616.4,2559.175,1221.970623,0.301736534,3.437708107,2.028857931,1.375391343
113,115,88,744,678.4824561,116.3909518,1474.3,38110.2,22400.69429,9836.978493,22.6,20030.2,5425.367619,2810.323717,0.253913852,540.8451327,11.14162557,52.86409899
116,117,51,744,669.5652174,136.4735999,137.5,43444.3,18094.03443,7915.436594,42.2,9664.9,5011.908197,2371.615394,1.427488758,51.14239424,5.417843073,7.099760147
118,120,38,744,668.0714286,139.0279455,1512.2,43747.9,26780.19592,8777.462757,11.3,20947.5,8012.339796,3216.410095,0.307485938,524.5752212,9.450679269,52.46795175
121,123,14,744,640.2135922,171.0779349,18.3,39031.3,23086.62766,10457.0232,1.1,10603,5544.097872,2595.873066,0.008473791,2786.454545,57.55264321,332.2926611
124,126,189,744,678.0333333,122.3116926,5737.6,38854.2,24100.05652,8034.96357,838.7,11806.4,6229.598261,2458.992412,1.036679261,28.73374539,4.89122446,4.00395026
127,129,47,744,679.2333333,123.9292786,7782.6,38387.6,25514.91842,6837.966482,1007,15033,8790.566667,2924.870488,0.966633022,13.76288996,3.242872386,1.639491682
130,132,144,744,686.7166667,128.6824757,3120.7,39198.4,23489.19009,9293.540207,226.9,11730.7,4873.411712,2631.596694,0.477102008,61.46848832,7.333573834,7.785450293
133,135,63,744,674.7586207,132.8981709,9693.5,39033.8,24906.34667,7763.03656,7.7,13713.7,6702.630476,2533.373703,1.085078627,1550.506494,19.54356831,150.2975044
136,138,3,744,627.4579439,182.5803664,10.3,37849,18385.88265,10390.53476,0.1,12127.3,3852.370408,2216.531623,0.003885831,4338.75,73.62642438,464.2225629
139,141,1,744,608.7083333,195.7237517,1147.2,46035.9,14118.27049,6981.581207,46.7,3151.9,1159.152459,717.1265327,3.522350806,92.93147752,17.01679798,14.15755731
142,143,209,744,683.6349206,115.3023097,2024.9,36351.1,15733.00323,6787.898572,29,5203.6,1907.716129,1066.64373,2.817585048,83.40344828,11.64370647,11.91968775
144,145,405,744,699.9479167,70.33998186,8505.2,38626.7,26466.28065,7381.912465,1535.8,14814.7,6905.694624,2487.789842,1.46611764,11.6941864,4.320552125,1.906432802
146,147,122,744,632.0434783,183.6480028,6003,21127.5,16855.27778,3480.882938,661.5,5825.4,3505.666667,1347.605933,2.877072819,22.08015615,6.28088309,4.629139622
148,149,30,744,696.4126984,115.0924782,60.4,20444.4,11111.27742,4117.260677,1.7,8968.7,3096.703226,1662.907122,0.973101642,35.52941176,5.540300587,5.893453052
150,300,20,744,617.2763158,178.6245671,1283.3,33482.9,15917.87576,9502.328437,0.8,6761.7,1778.672727,1748.165197,4.826388516,20622.125,774.93688,3528.70294
152,301,3,744,580.5681818,221.0061005,3.4,31177.8,11756.13077,9822.470012,2.3,7229.5,3618.141026,2013.446839,0.000479373,823,32.46399165,132.929518
154,155,226,744,707.7395833,66.54863592,9077.1,40286.2,28184.4914,6229.464156,1870.6,18410.9,8777.077419,2360.871265,1.589337144,6.264300225,3.341490927,0.833963663
156,157,140,744,686.8085106,100.0634505,350.7,38122.8,27217.5337,9026.353103,576.3,20041.9,10946.22826,4072.917823,0.029259624,36.74258117,3.690260346,5.195191884
158,159,387,744,699.0208333,69.52363917,8349.6,40385.3,28952.14409,7640.38546,596.1,14727,8359.752688,3137.852597,1.198821089,48.49538668,4.60699087,5.582912173
160,161,500,744,704.3854167,54.88272085,966.3,41947.4,28222.25761,8932.215411,402,19659.9,10945.23152,4271.206717,0.098118457,74.8460199,4.36050879,8.515931023
162,163,26,744,653.6521739,165.7145324,85.2,50336.4,25920.16813,13021.25966,17,19494.5,8796.817582,4598.599304,0.00926651,749.7941176,22.75774907,101.9780822
164,165,515,744,699.6271186,57.42848575,10415.4,36217.3,25496.52941,5495.079333,410.9,14577,7640.221569,3382.573733,1.996177942,49.42905817,4.625563475,6.494430371
166,167,485,744,705.637931,57.9920437,8763.7,34049.7,23038.432,5824.500665,1224.1,11180.6,6294.092,2614.90893,1.687988751,22.69046647,4.332272852,2.924054028
168,169,144,744,694.5762712,99.75991929,3229.2,40084.8,25307.08846,8190.75554,183.3,15919.3,9488.936538,3533.90889,1.141624832,24.23792749,3.459266118,3.785086639
170,171,144,744,695.1186441,90.3067731,690.4,40338.8,26808.32885,7751.180416,198.2,17132,9701.101923,3979.169743,1.367787657,76.49344097,4.592766937,10.22082023
172,173,173,744,678.559322,106.834592,8380.1,38098.2,22701.37447,7730.484683,3134.8,15150.6,7828.842553,3066.102251,1.623046948,5.802188337,3.039993241,0.741543547
174,175,523,744,702.3389831,59.68960233,688,37466.4,23609.78077,8024.429307,168.3,13856.7,7775.240385,3049.441021,0.953650344,24.89034425,3.976246782,4.109175822
176,177,414,744,709.5084746,54.81390866,7699.2,26752,15908.974,3852.358084,1424.1,7222,4050.68,1709.245142,2.022564275,13.8687001,4.842311635,2.869946549
178,179,335,744,707.440678,62.58243424,8110.6,35819,26264.68627,6645.182501,59.7,16009.5,8650.6,3444.77237,1.322277289,240.9229481,7.96466289,32.97877272
181,182,509,744,703.0338983,55.09051051,10422.6,31593.8,21462.50392,5633.030223,83.6,10137.9,6147.286275,2279.219481,1.939923945,135.2165072,6.272792335,18.27189354
183,184,179,744,692.1904762,120.3027926,3290.2,22767.4,16977.94706,4765.743742,480.6,8341.6,5554.041176,1666.953067,1.529581984,6.846025801,3.349041588,1.130551908
185,186,163,744,654.0952381,154.742982,1825,20151.1,9334.5,4919.085815,61.6,3383.2,1846.646667,795.0289135,2.319301388,29.62662338,6.547296712,6.279231224
187,188,517,744,693.45,58.690513,5761,21206.7,11528.09333,4034.291449,335.4,3177.9,2105.586667,925.2582486,3.711315747,17.17650566,6.474138959,3.12991459
190,191,110,744,678.5714286,147.7560731,0,31066.2,22087.44706,8386.108888,782.6,5840.8,3912.323529,1428.297167,0,11.01443905,6.08654362,2.236803658
192,193,343,743,662.5238095,119.8380653,7727.1,33575.9,23970.12143,8157.647775,499.2,9047.5,5733.028571,2717.445004,3.152351478,15.47896635,5.248136987,3.018284366
194,195,453,744,690.3333333,69.76269299,4426.6,37127.9,25450.10588,9718.975637,1722.3,9972.9,7096.164706,2028.99029,2.486854917,4.583955922,3.479048413,0.635754206
196,197,407,744,692.1428571,88.58627756,5785.9,12930.9,9123.670588,1929.649582,926,7666.8,3915.923529,1776.214953,0.789129754,6.584311265,3.027572948,1.705219814
198,199,178,744,673.8095238,132.5445657,4746.5,17251.5,13371.82941,3304.287198,1889.5,14299.6,6525.564706,3472.442301,1.041735433,5.314630653,2.472164362,1.011250474
200,201,192,744,667,130.7336988,8274.6,17423.6,14162.06,2439.776836,1054.2,8757.6,4791.713333,2011.327509,1.551292592,8.382476092,3.648816925,1.921600211
202,203,239,743,635.8571429,154.99235,1051.2,19129.6,12950.10909,5563.160133,651.1,3922.7,2838,914.2747953,1.614498541,6.823993229,4.364042267,1.617143181
204,205,367,744,685.3809524,92.34038997,7423.7,22951.1,17648.16667,4650.648589,1018.2,10258.8,5135.186667,2400.488717,1.995609091,7.979571793,4.01401522,1.575082117
206,207,377,744,680.5714286,102.4766175,4857.2,33590.2,22287.14667,8217.836424,383.8,4670.2,3094.873333,1256.97988,3.675787788,12.65554977,7.905564706,2.224978955
208,209,272,744,648,141.4291342,7427.5,36512.3,26867.48667,7662.835699,1183.2,10647.7,6908.433333,2226.502139,2.624819194,6.277467884,4.109262386,0.947442284
210,211,10,744,620.7894737,238.180972,9400.9,31982.2,21572.33077,8575.899406,3013.9,6735.5,4497.353846,948.3179562,2.339980155,9.453752019,4.968667072,2.246837366
214,215,34,744,663.4761905,166.4045129,1900.7,22670.1,13598.12353,4883.66909,888.2,4487.3,2861.423529,972.5428985,1.742163153,7.914546273,4.839726725,1.321702643
216,217,148,744,666.0833333,171.292126,478.1,13100.3,8822.475,4575.141121,40.8,4474.5,2327.6125,1581.456184,2.821905835,12.869967,6.116771202,3.710303195
218,219,144,743,663.25,172.865226,2355.4,17301.4,11863.45714,4716.992717,793.1,7083,4407.642857,2100.587839,2.40619908,3.63579889,2.838425188,0.413941499
220,221,335,744,643.0833333,162.9162966,438.4,10637.8,6828.285714,3123.818128,263.4,3445.7,2015.942857,881.7201084,1.664388762,4.460667561,3.243105127,1.011422587
222,223,287,744,656.0833333,162.0574861,2947.6,11385.4,9011.971429,3045.877286,949,5111.2,2191.114286,1269.485485,1.389066918,8.087480916,4.96470263,2.216412576
224,225,239,744,675.25,142.699382,3020.6,12704.8,9423.2625,3421.93806,1006.8,3138.2,1923.15,694.2363651,1.135009206,8.066979052,5.468686991,2.394176367
226,227,316,743,634.3333333,169.9317153,3187.7,15194.6,9627.688889,3866.532323,1270.5,6667.3,3546.177778,1766.258229,1.336954242,6.148921533,3.214221254,1.715486254
228,229,120,744,627,203.0546724,515.3,22765.7,15461.34286,8511.217684,98.2,4872.4,1926.757143,1670.344264,2.786858867,31.27231222,12.36894109,10.69870952
230,231,96,744,626.9090909,206.9789625,3687.7,18962.8,15047.05714,4884.117797,105.7,3583.4,2325.585714,1285.950181,4.690461573,34.88836329,11.33545186,10.085673
232,233,554,744,699.5,59.17539415,2089.2,14637,10097.775,4727.455798,147.1,3638.6,2097.8375,1246.999127,3.911834222,14.20258328,6.231521406,3.377204104
234,235,255,744,627.3333333,188.5617012,597.4,6333.4,4008.242857,1833.096605,139.8,4245.8,2508,1156.311747,1.085824393,4.273247496,1.978188858,1.00151114
236,237,528,744,691.4166667,75.87125259,3473.3,21468.2,13138.6,6869.845549,146.9,5069.8,3094.62,1463.491623,2.159727082,23.64397549,5.943231744,5.99437312
238,239,552,744,684.8333333,74.81350551,2789.3,18105.4,11087.25,5746.777594,396.6,3438.2,2462.79,983.2155984,1.514938385,8.991679274,4.783694596,2.014586664
240,241,501,744,667.5833333,92.3623874,1052.6,9416.6,6172.922222,2910.485389,156.4,2740.5,1342.622222,742.1441622,2.816585535,8.778409621,5.168518958,2.031155567
242,243,146,744,655.9166667,173.308164,3230,20679,13475.0125,6256.043426,941.8,6325.6,3757.7,1875.646288,2.975861434,4.378424294,3.657544973,0.459479775
244,245,551,743,711.5833333,54.42168407,3635.4,24617.7,15826.44444,6953.346842,2814.2,10417.1,6577.144444,2290.793368,1.058155781,3.209325598,2.363089686,0.756838435
246,247,209,744,667.5,155.5561869,3419.4,23594.8,15120.15,6706.082542,910,8888.6,5550.925,2357.703178,0.976664477,5.467032967,2.976498577,1.221275734
248,249,94,744,666.862069,149.2157413,6082.9,30593.8,21346.39583,7814.020791,244.6,10783.5,6084.508333,2721.973607,1.538886266,24.86876533,4.781002827,4.499093663
250,251,345,744,694.9310345,92.15124642,1709.2,19247.1,14004.35,3991.082532,779.8,6317.3,3468.553846,1249.178986,1.106403556,12.46278317,4.639161533,2.469237571
252,253,272,744,693.25,98.64024609,9697.5,28081.7,20505.096,4924.326603,1419.4,8139.7,5182.936,1805.019425,2.302584317,10.05290968,4.351294248,1.538626786
254,255,295,744,690.7857143,95.87582909,8085,32034.8,21983.1375,4937.768872,406.4,8875.5,5629.904167,2072.006898,2.642544082,19.89419291,4.844949531,3.435604329
256,257,24,744,642.5925926,189.7127909,4821,28368.1,17082.34286,6684.379391,584.4,13127.6,5100.161905,2668.102333,1.434588196,9.112035958,4.042796923,1.7826944
258,259,262,744,705.1785714,90.53137519,6189.1,31871.5,24172.7625,5342.984001,703.7,11855.3,8330.245833,2917.835664,2.093024487,8.795083132,3.350279884,1.425145467
260,261,172,744,676.6206897,128.4713458,3913.4,32334.3,21371.468,9190.278374,267,9632.6,5868.648,2588.127517,1.951742515,14.65692884,4.445664291,2.850943977
262,263,271,744,690.4285714,114.4702544,3968.7,34227.2,24064.04348,7580.617196,4432.3,9746.6,6736.786957,1448.18651,0.604772717,6.962124427,3.821953231,1.666233828
264,265,206,744,689.5862069,115.2415219,2021.2,33677.3,20425.97308,8334.208378,1118,10877.9,5780.965385,3008.225628,1.276896835,14.59105546,4.313425859,2.811334775
266,267,288,744,679.4285714,116.1102377,7316.5,26699.7,18350.32174,4788.250369,2145,6100.4,3751.243478,884.2196828,3.057509309,8.914379241,4.999443,1.381597258
268,269,63,744,689.5172414,140.6732843,121.5,22061.4,13794.26538,5479.906763,38,4985.7,3038.311538,1334.17117,2.260165148,10.49909012,5.100414636,2.156527615
270,271,118,744,675.7241379,137.860928,271.4,16208,8629.023077,3869.110796,29.1,4302.6,2461.192308,1115.301094,2.045208996,19.93612965,4.593523534,3.562827949
272,273,252,743,696.8571429,94.74320626,2916.5,18554.4,10492.11304,4177.791283,616.8,6272.6,2864.213043,1694.36784,2.493426225,10.29685473,4.275342541,1.66410028
274,275,221,744,697.0357143,103.0089828,9089.9,18632.6,14051.55652,2593.49636,1008,3050.4,1938.752174,641.8724997,4.076881987,11.87794907,7.860398045,2.170166571
276,277,115,744,663.8695652,144.6432302,4620.2,38722.1,18721.81176,7879.63847,344.6,8425.6,3909.252941,2149.107987,2.226515588,14.68746373,5.863308588,3.076939433
278,279,432,744,694.9565217,88.07924028,3030.4,10958.3,7757.55,1866.879552,520.5,3553.1,2424.761111,908.9021677,1.697293992,11.56119116,3.903917718,2.225794051
280,281,95,744,619.8333333,220.3500658,9097.2,24258,17341.83333,4908.112567,1405.3,5953.9,3872.183333,1479.155844,4.074304238,6.473493204,4.762454793,0.816072716
282,283,96,744,608.3333333,239.7363451,5428.6,30221,21506.25,8592.543213,502.5,3778.8,2919.266667,1118.915365,4.490182068,10.80318408,7.902894092,1.924305995
284,285,431,744,699.7826087,75.05994969,5256.5,39556.7,20113.295,9611.770738,246.2,7199.9,4652.65,1910.171196,2.271918267,24.54264825,5.680700217,4.917088804
286,287,371,744,689.0434783,94.14953206,1720.7,41396.8,27835.98,11169.93792,124.3,10107.6,5791.08,2600.629763,2.694670662,54.1850362,7.493171563,10.91218257
288,289,262,744,688.3478261,107.6026397,2621.3,23080.9,17804.30526,4656.5383,41.3,8526.1,3349.015789,2325.540643,2.418047263,63.46973366,10.42294179,13.28449842
290,291,272,744,683.6086957,129.2146696,14706.2,28106,21909.45556,3804.19929,2738.3,6913.3,4606.222222,1186.002994,2.620961976,10.09104189,5.163275546,1.9439574
292,293,192,744,673.7391304,130.2173768,2887.9,10315.5,6493.825,2130.48497,23.9,586.7,275.4125,191.2582213,13.23025351,192.9183673,48.24574884,50.65549665
294,295,238,744,691,118.1470578,714.6,15080.2,9610.175,3772.679984,115.4,2879.6,1530.47,812.5942093,2.811326454,27.14511456,8.218727848,5.810907227
296,297,456,744,697.7391304,78.08166901,4258.6,15984.5,11508.82105,3104.530388,365.7,2633.5,1408.021053,575.1066706,4.409948737,23.2835475,9.272234589,3.988182026
298,299,168,744,682.1304348,146.255786,614.1,13432.4,8972.72,2922.340088,44.8,1971.6,1428.07,474.8971472,1.627617281,91.51339286,10.30567083,18.70674495
302,303,193,744,671.3333333,133.3465699,441.3,9169.6,6406.085185,2367.354255,6.6,2693.5,1213.425926,571.1423746,2.670243178,66.86363636,8.494329747,11.96669358
304,305,194,744,678.8518519,127.7430425,455.1,9011.9,5666.218519,2138.737132,13,1775.6,613.9592593,459.3485452,3.527258392,166.5833333,25.39043305,36.65815317
307,306,206,744,635.3333333,144.8983652,533.4,4459.7,2451.054167,1102.912858,1.3,1685.6,468.5458333,499.8251337,0.610227812,1095.615385,77.8684866,225.5132085
308,309,206,744,679.5555556,126.1569027,562.7,8592.8,6197.281481,2261.256159,18.7,1620.4,949.4222222,451.7233643,3.383967035,129.8481675,12.82834895,23.63348569
310,311,360,744,685.2592593,106.216612,625.3,7953.8,5863.340741,1988.389497,16.6,1956,938.4740741,413.0071752,1.373681898,147.1024096,11.81118492,26.65040924
312,313,360,744,679.962963,108.7189324,1019.6,9389.8,6768.72963,2379.299222,341,2267.4,1299.485185,517.374912,1.97443842,10.13489736,5.464271969,1.665117424
315,314,359,744,675.962963,110.4739724,998.9,8600.7,6031.8,2000.449814,131.6,1439.1,895.6037037,360.8541181,4.286984921,18.46504559,7.4480209,2.758431767
317,316,381,744,697,85.14399568,2596.6,7744.2,5998.048276,1473.601825,174.1,2344.1,925.9344828,376.299835,2.987628514,14.914417,7.106566587,2.385796383
319,318,336,744,687.2903226,105.7027888,1635.5,7458.5,5477.480645,1326.838934,27.2,1955.1,848.2806452,420.5716132,1.797576328,140.1914894,15.88524647,29.62202712
321,320,336,744,687.2580645,106.1872459,1881.1,7764.5,6263.496774,1521.864016,21.7,1437.7,900.6387097,317.6182391,4.110883518,178.3917051,13.10952766,30.40334269
323,322,168,744,626.9189189,163.488596,590.9,7072,2982.261765,1196.473656,29.5,585.7,198.85,147.7455321,2.275637819,94.86588921,23.14309228,17.94336624
325,324,336,744,686.8387097,106.9900608,1519.4,7891,5958.248387,1535.641286,25.1,1672.4,897.7096774,384.2568088,2.10176834,139.0836653,16.53226346,32.14687039
326,327,397,744,692.6206897,86.15949239,1953.7,9285.5,6649.896552,1787.470762,143.7,2664.7,1143.858621,433.0814912,2.421698503,13.59568546,6.365953848,2.191917591
328,329,248,744,678.75,120.0020447,538,8051,5916.367857,1858.169173,218.6,1424,920.3571429,282.2683114,2.461116194,11.73239924,6.554024209,1.981779515
330,331,336,744,689.1935484,103.902653,1487.2,9027.6,6518.064516,1774.244606,30.9,1577.3,1030.048387,385.5531459,4.25955802,124.9805825,10.42178262,20.98432087
333,332,336,744,688.8387097,100.4689328,1879.9,7736.8,5774.967742,1410.958199,22.9,1191.7,706.9580645,282.3943429,3.985940076,149.5585938,17.34599794,29.97132399
335,334,368,744,676.1842105,96.24907308,966,4731.3,2966.827027,930.1260268,11.7,579.2,251.827027,151.6545837,2.012080816,233.2991453,22.03020154,37.15201538
337,336,72,744,639.8947368,159.4466427,179.5,6319,3562.351351,1337.547179,33.3,2193.1,248.4756757,344.4251514,2.881309562,84.8285124,24.81951928,19.56101096
339,338,72,744,640.6666667,155.4618473,619.3,7326.2,3045.907692,1145.38683,2.3,740.5,283.1897436,180.5695563,2.515327481,778.4347826,34.0215914,121.1371187
341,340,24,744,609.2903226,178.9624157,681.4,5869.3,2466.865385,1166.211706,1.7,1088.5,139.5730769,209.9073902,2.259163987,1395.470588,107.9995434,268.5839171
343,342,22,744,559.2333333,223.4203836,144.3,5906.2,2496.365385,1536.193024,4.2,1103.5,176.9269231,265.3524608,2.742727685,318.6190476,45.55086689,62.81902609
345,344,35,744,506.6521739,254.290208,0.2,3516.4,2143.772727,1190.276557,4.2,1673.4,290.0681818,373.6594628,0.047619048,95.03783784,17.29116013,19.37685619
347,346,144,744,600.4285714,179.9218084,494.5,4316.9,2389.035,988.4275523,16.5,2809.2,290.04,597.7600729,0.456998434,90.092827,31.08048042,27.62000659
349,348,193,744,679.5555556,127.6546824,1311.6,8453.1,6615.74,1789.145303,9.3,2029.6,1002.928,476.5173367,2.72834762,266.9247312,18.06155946,50.9436694
352,353,7,744,599.7166667,192.8122026,0.1,5398.3,2759.402326,1304.76867,1.5,575.8,133.6348837,134.3863014,0.001319261,1819.333333,123.4400596,376.2733255
356,357,6,744,592.1296296,194.168284,534.6,7155.8,2921.733333,1326.033768,0.7,1658.7,162.9487179,280.6654437,0.877253271,3974.857143,227.6080477,702.4622589
358,359,6,744,592.0188679,202.8527782,343.3,4593.3,2540.731429,1030.456501,0.5,1263.5,188.4142857,282.3934054,2.393404462,4804,428.1107989,1024.598371
361,360,168,744,686.3375,112.8297635,780.5,10754.2,6768.124051,2140.328127,92.6,1868.2,764.4417722,369.4316853,1.991715976,67.56388416,11.34121058,8.537947029
363,362,7,744,638.1492537,166.6615381,199.8,7680.8,4324.550794,1757.049333,6.3,1547,592.3142857,332.8796023,1.921084581,137.282392,12.80491274,19.5739995
365,364,29,744,646.4125,170.4460042,137.7,8636.2,5316.68,1843.553065,41.8,2627.7,871.04375,505.847077,2.369829128,43.31414056,8.261503023,6.821484354
367,366,24,744,673.0789474,137.7880269,388.2,8421.8,4960.263514,1563.855477,54.7,2155.9,814.5202703,467.3139551,1.724791882,63.63254113,8.883620534,8.667378044
369,368,168,744,669.3544304,126.5330643,761.8,5626.1,3289.496154,1083.235036,5.6,1058.1,379.7525641,232.5135869,3.298614215,216.7678571,17.19271726,27.93846703
371,370,27,744,629.7536232,175.8896216,493.1,5618.9,3266.489062,1075.49763,9.1,1006.2,285.128125,217.7983494,3.266050487,402.4615385,26.65494299,54.88886419
373,372,42,744,609.7702703,188.6535236,7.3,7170,2951.064286,1340.780541,0.3,754.4,212.1285714,175.2986724,0.106725146,548.2758621,48.23058692,97.07036541
375,374,62,744,645.056338,142.4087565,249.4,5549,3144.970769,1137.275744,9,1060.3,311.4015385,241.0564174,2.829854097,519.2444444,29.37815963,71.90025437
379,378,3,744,634.6470588,164.8920737,771.5,5082.4,3092.279245,1155.397252,0.9,1617.1,333.4226415,319.3286078,1.271872641,1914.333333,56.99590805,259.260982
381,380,158,744,617.4871795,172.8570861,862,6598.2,3292.959375,1334.949543,5.1,642.3,241.765625,177.0909034,5.999052357,1293.764706,67.61750469,222.5581614
383,382,336,744,680.1666667,104.7850862,1650.2,6901.7,3748.710714,1137.567332,9.7,877.7,215.1607143,240.9785061,4.264864246,363.7216495,48.67569169,70.10690685
384,385,49,744,585.5806452,228.6458359,301.7,6966.8,3392.072727,1437.661581,12.6,439.1,190.4090909,111.5749547,7.657360406,524.1428571,48.90183208,110.5180712
387,386,36,744,670.1269841,141.3739598,70.9,9916.7,5575.347541,1982.327008,59.9,2478.4,1031.47377,498.4693669,0.032915506,87.40066778,8.014535278,11.10632864
388,389,8,744,691.3692308,114.2426925,0.2,12922.5,7640.738095,2943.62423,53.6,3148.3,1566.430159,798.1700831,0.001069519,104.0238095,8.151476013,14.72446123
391,390,149,744,687.96875,109.1121411,1215.8,12396,7278.167742,2712.481299,24.2,3724,1590.274194,728.9047889,1.250214823,82.89669421,6.38247107,10.02477402
392,393,292,744,700.9375,87.50616758,2987.4,10954.2,6619.167213,1941.032542,12,2501.6,1285.496721,504.8863287,1.745890136,400.35,12.04007587,50.18404034
395,394,396,744,699.4375,79.77207114,2860.3,8717.8,5785.945902,1123.64726,30.8,2093.8,1051.778689,399.4414422,2.435238417,161.3506494,11.26442345,27.49795685
396,397,381,744,696.328125,84.98647039,2480.6,13974.7,7394.939344,3298.749553,14.1,4221.4,1791.940984,1264.742704,1.88091648,512.5673759,18.43715414,68.12673268
400,399,30,744,662.4736842,146.7851467,111,8550.8,4945.994521,1833.865075,0.1,2379.7,558.1219178,506.768787,0.334236676,5393,104.4837491,627.4667505
405,404,57,744,650.3243243,145.8034996,287.1,9295.9,4243.398571,1572.578435,0.1,1334.1,426.9957143,286.3883847,2.61944382,3605,134.1538938,606.0118253
407,406,127,744,658.8591549,135.009449,288.7,7607.8,4458.159701,1667.108855,1.8,1115.9,416.980597,291.1752628,2.925025329,2107.111111,76.91634592,325.1732371
409,408,113,744,662.4,134.9654169,469,7106.8,4511.485075,1556.073469,0.7,1479.3,404.0970149,355.0437821,2.663259512,7781.857143,183.1967261,979.1705307
411,410,76,744,669.0266667,137.8032257,420.7,7298.2,4206.793056,1155.601736,6.6,1432.9,444.0791667,284.4317016,3.080255016,269.6410256,21.10280792,37.60442555
413,412,227,744,681.4868421,104.4257303,878.2,8587,4582.594521,1671.914283,67,1708.7,579.2931507,331.4801261,2.734973528,62.1962111,11.45134855,10.69557952
415,414,48,744,666.5810811,147.1396696,635.5,29771.3,4964.283099,4590.758277,36.7,1367.3,440.384507,259.2171215,2.675255912,106.375,16.15534624,17.64515846
417,416,1,744,650.8333333,163.6257323,1058.8,8307.2,4782.028358,1644.070891,51.6,1141.2,406.0283582,233.2866083,3.749705119,85.68410853,16.66095222,13.55144259
419,418,176,744,664.260274,134.2550462,721.1,8224.4,4077.186885,1325.372168,18.7,1684.9,353.9819672,264.0850567,1.865214553,222.4973262,21.81480895,31.13670451
421,420,316,744,677.0454545,123.5512145,2801.3,9955.3,7272.019048,2080.703605,492.5,2646.8,1487.809524,556.9385264,3.177346229,10.22120379,5.222545267,1.538427459
